corpus_id,source_url,sha256,pages,text_extractable,retrieval_status,screening_status,import_status,local_filename
bhuller2016_incarceration_recidivism_employment,https://www.nber.org/system/files/working_papers/w22648/w22648.pdf,d2f4cc009f6b498fdc601dcf56788aca9cf3af02318fb65eac1b616ae86b67e6,93,true,verified_pdf,screened,finding_recorded,bhuller2016_incarceration_recidivism_employment.pdf
bhuller2018_incarceration_spillovers,https://www.nber.org/system/files/working_papers/w24227/w24227.pdf,082962e6e0173e51890e16e8d0e4983714380544dc9bf4c1f8158e78ff5cd54f,14,true,verified_pdf,screened,finding_recorded,bhuller2018_incarceration_spillovers.pdf
black2005_birth_weight_adult_outcomes,https://www.nber.org/system/files/working_papers/w11796/w11796.pdf,c14849fbbc62abb7998421cb12dc939e1f712e47b8a74a59ec0a5efc9e03107e,56,true,verified_pdf,screened,finding_recorded,black2005_birth_weight_adult_outcomes.pdf
butikofer2023_parental_mental_health,https://www.nber.org/system/files/working_papers/w31446/w31446.pdf,df80de0a0034eadefa74b83a682b090b79b3f77e8af54f5b0f8886ac6e545d88,78,true,verified_pdf,screened,finding_recorded,butikofer2023_parental_mental_health.pdf
cabral2020_school_shootings,https://www.nber.org/system/files/working_papers/w28311/w28311.pdf,584ffd5affd9ef7d8ca7a3515a9a61cf2c09702e5e01bdf473407bec5e7f3e05,111,true,verified_pdf,screened,finding_recorded,cabral2020_school_shootings.pdf
case2003_childhood_health_circumstance,https://www.nber.org/system/files/working_papers/w9788/w9788.pdf,83ec426aadeb0ab4192137c2aa764b41015db52195f25d133e781c38135ab023,43,true,verified_pdf,unreviewed,acquired,case2003_childhood_health_circumstance.pdf
case2010_early_life_health,https://www.nber.org/system/files/working_papers/w15637/w15637.pdf,d2a1cc88983a231e90fc1e57c4067e211b7ff7dcf47f8c81a2e41a24d4bd5f39,40,true,verified_pdf,unreviewed,acquired,case2010_early_life_health.pdf
chetty2015_moving_to_opportunity,https://www.nber.org/system/files/working_papers/w21156/w21156.pdf,8a70011dc9b5d10d2dbc92f53f70c30a62d886e41b63cd352d4a987f8a7eb02a,91,true,verified_pdf,screened,finding_recorded,chetty2015_moving_to_opportunity.pdf
chetty2016_childhood_environment_gender_gaps,https://www.nber.org/system/files/working_papers/w21936/w21936.pdf,f525726972ad3331dbb353b40f3f01043f826a45270acafa3a40de1bb643bb73,29,true,verified_pdf,screened,finding_recorded,chetty2016_childhood_environment_gender_gaps.pdf
chettyhendren2016_childhood_exposure,https://www.nber.org/system/files/working_papers/w23001/w23001.pdf,9cf20a9809f98e6f873edda0e4524d94bdc25afd6aa71eb4c2b9480be9953b7d,73,true,verified_pdf,screened,finding_recorded,chettyhendren2016_childhood_exposure.pdf
coile2004_health_shocks_couples,https://www.nber.org/system/files/working_papers/w10810/w10810.pdf,f122b7794f508a191e8b0e2da51f02cb6ed807f3f2a82323e3a5496c352e3479,34,true,verified_pdf,screened,finding_recorded,coile2004_health_shocks_couples.pdf
collinson2025_eviction_children,https://www.nber.org/system/files/working_papers/w33659/w33659.pdf,a89a92fbbc173e1831d38463de6e9dc6d7a56d204e9499831ec60fe2359643cc,52,true,verified_pdf,screened,finding_recorded,collinson2025_eviction_children.pdf
currie2007_childhood_mental_health_human_capital,https://www.nber.org/system/files/working_papers/w13217/w13217.pdf,4f5ae41311b225ce2449b0c645f459c6d46ab9159aa89889da9f1e5f86455727,53,true,verified_pdf,screened,finding_recorded,currie2007_childhood_mental_health_human_capital.pdf
deryugina2014_katrina_economic_impact,https://www.nber.org/system/files/working_papers/w20713/w20713.pdf,3ab7945b6ff9f9490a1ab3537cffb5080311bb5ffeca40fbaa69a71d86bfe352,47,true,verified_pdf,screened,finding_recorded,deryugina2014_katrina_economic_impact.pdf
deryugina2018_katrina_mortality,https://www.nber.org/system/files/working_papers/w24822/w24822.pdf,1a666362636a9ef23748ece9549d6172c98b4c323c11c8642bcda66717f5a6a1,103,true,verified_pdf,screened,finding_recorded,deryugina2018_katrina_mortality.pdf
deshpande2019_disability_financial_distress,https://www.nber.org/system/files/working_papers/w25642/w25642.pdf,d82a2a7b653cf285b0264661e7fbe7e3c898c5f61659811720a379d8444ea3a0,45,true,verified_pdf,screened,finding_recorded,deshpande2019_disability_financial_distress.pdf
dobbie2018_parental_incarceration,https://www.nber.org/system/files/working_papers/w24186/w24186.pdf,7c0087028f5100113724a59b23b0a12825e2159cea62d0bf4ba7394ed5d4bd07,74,true,verified_pdf,screened,finding_recorded,dobbie2018_parental_incarceration.pdf
dobkin2016_hospital_admissions,https://www.nber.org/system/files/working_papers/w22288/w22288.pdf,ed2727e0e0c4045c83b92a62a76d72f09cddb585dcb02015da9be733db9e1efa,44,true,verified_pdf,screened,finding_recorded,dobkin2016_hospital_admissions.pdf
garces2000_head_start_long_term,https://www.nber.org/system/files/working_papers/w8054/w8054.pdf,7a6ff69ad07e3ef3febf5bbbdfd1870ef8c8e329cfb45221491ea17be3c55c43,26,true,verified_pdf,unreviewed,acquired,garces2000_head_start_long_term.pdf
gensowski2018_childhood_polio,https://www.nber.org/system/files/working_papers/w24753/w24753.pdf,446a3086a87c0c19dd70083480185c74041d387d143668fd8785d8640b2b187e,27,true,verified_pdf,screened,finding_recorded,gensowski2018_childhood_polio.pdf
gruber2000_unilateral_divorce,https://www.nber.org/system/files/working_papers/w7968/w7968.pdf,c60742be3ee2802c5cb547475795f043e7b042258df664e792399005f35a6c80,45,true,verified_pdf,unreviewed,acquired,gruber2000_unilateral_divorce.pdf
humphries2019_eviction_poverty,https://www.nber.org/system/files/working_papers/w26139/w26139.pdf,99888268cd8e29ea27ce8f8e6fce630d88fa282b356c3ba0281bf4cc436cbb92,53,true,verified_pdf,screened,finding_recorded,humphries2019_eviction_poverty.pdf
isen2014_clean_air_act,https://www.nber.org/system/files/working_papers/w19858/w19858.pdf,eab853d4eff8847532d8e045aa0783daa09dec783ead5e0924e6ae971dc01587,89,true,verified_pdf,unreviewed,acquired,isen2014_clean_air_act.pdf
johnston2025_divorce_family_arrangements,https://www.nber.org/system/files/working_papers/w33776/w33776.pdf,6059226b73a99abe98cc55c9c1e420b7806a16fcb5db4c7843357224e501e527,69,true,verified_pdf,screened,finding_recorded,johnston2025_divorce_family_arrangements.pdf
lochner2001_education_crime,https://www.nber.org/system/files/working_papers/w8605/w8605.pdf,62aa92ea7b3a600d6aec73daf5ed94da1d687e7319c263506d673232a009dbee,54,true,verified_pdf,screened,finding_recorded,lochner2001_education_crime.pdf
w10122,https://www.nber.org/system/files/working_papers/w10122/w10122.pdf,98eecfc2fc9c9d4d9ef4bdd678b17325b67ca4df5c13b1e1df58630995fd1312,48,true,verified_pdf,screened,finding_recorded,w10122.pdf
w10175,https://www.nber.org/system/files/working_papers/w10175/w10175.pdf,41b957b6e5e6af782eadfa2f50aff123595a15e4c9c772b7c815f22048643b20,34,true,verified_pdf,screened,finding_recorded,w10175.pdf
w10251,https://www.nber.org/system/files/working_papers/w10251/w10251.pdf,3e7e4a1519299f12ef5602b4b563813159887393a95c86c5504b7bd8094ecb98,50,true,verified_pdf,screened,finding_recorded,w10251.pdf
w10720,https://www.nber.org/system/files/working_papers/w10720/w10720.pdf,d1914a1e21db77046631d3153ab46a9b72856325e34eceee06124b39fcaefc30,50,true,verified_pdf,screened,finding_recorded,w10720.pdf
w11279,https://www.nber.org/system/files/working_papers/w11279/w11279.pdf,15326c67c777feacee8b65d3199a89061e666a4a02ed38499f00395d77216f0a,56,true,verified_pdf,screened,finding_recorded,w11279.pdf
w11577,https://www.nber.org/system/files/working_papers/w11577/w11577.pdf,d78e394f1104e8bfafc1547fa5c4565245f806c54614530f1c01f6e3c2d0dd1c,77,true,verified_pdf,screened,finding_recorded,w11577.pdf
w12003,https://www.nber.org/system/files/working_papers/w12003/w12003.pdf,a2f41727e42e4f8e75a2596719ee8522584bf89c9eb6731e89de2aab1ba40b81,30,true,verified_pdf,screened,finding_recorded,w12003.pdf
w12171,https://www.nber.org/system/files/working_papers/w12171/w12171.pdf,55189faac85f253e566a0d1e3cb90f5af0af194d950e8efec3b193ed9b95a146,63,true,verified_pdf,screened,finding_recorded,w12171.pdf
w12895,https://www.nber.org/system/files/working_papers/w12895/w12895.pdf,123ac64933b094c5c821489b63ec43158820cf4ca84c7b2f1c39a260ee93a061,46,true,verified_pdf,unreviewed,acquired,w12895.pdf
w13022,https://www.nber.org/system/files/working_papers/w13022/w13022.pdf,ba17ebcb142942eef084b592bcd383d38cd744536153e9e2ffa120f2fb814221,45,true,verified_pdf,screened,finding_recorded,w13022.pdf
w13524,https://www.nber.org/system/files/working_papers/w13524/w13524.pdf,758e2abd7257f2429d150191c09c605ecfa5d1510654569601c471a319beadec,46,true,verified_pdf,screened,finding_recorded,w13524.pdf
w13626,https://www.nber.org/system/files/working_papers/w13626/w13626.pdf,20617cbe3924c8b58f6d3888cb0a0ea26ca908d60486f4aad304398dd6ef9c8f,73,true,verified_pdf,screened,finding_recorded,w13626.pdf
w14524,https://www.nber.org/system/files/working_papers/w14524/w14524.pdf,260b60d697db952c7067c1f227f85e7952fde03ba140d8452fd031f69e391b02,31,true,verified_pdf,screened,finding_recorded,w14524.pdf
w14781,https://www.nber.org/system/files/working_papers/w14781/w14781.pdf,fe3dced99cc2bd52e87455bf70187dd7750a919ca5afd846295891a9598d15f8,38,true,verified_pdf,screened,finding_recorded,w14781.pdf
w14790,https://www.nber.org/system/files/working_papers/w14790/w14790.pdf,c7436d39298c3cbf05c5b1802bdac48812061ac513dc622543d4c111703d65c3,33,true,verified_pdf,screened,finding_recorded,w14790.pdf
w15480,https://www.nber.org/system/files/working_papers/w15480/w15480.pdf,8520adf3de02473dfbf805391d8ed6208d0e5c063c465290e2d190e642191d97,42,true,verified_pdf,screened,finding_recorded,w15480.pdf
w15827,https://www.nber.org/system/files/working_papers/w15827/w15827.pdf,b1de3f2917939502cbcf71888e5d8af7808fc2546ee2d07a23f87d8ded41e7ec,142,true,verified_pdf,screened,finding_recorded,w15827.pdf
w16798,https://www.nber.org/system/files/working_papers/w16798/w16798.pdf,ff8f22ebc041919c4b27905e699e4ada63a547db66a10b7d987bb6f7c3801e13,49,true,verified_pdf,screened,finding_recorded,w16798.pdf
w16856,https://www.nber.org/system/files/working_papers/w16856/w16856.pdf,cdc21a707100cd71c08ceab5d9b493933e204b3c6cab60250dc768a3ca48fa88,59,true,verified_pdf,screened,finding_recorded,w16856.pdf
w17310,https://www.nber.org/system/files/working_papers/w17310/w17310.pdf,78123a2d8eb3c10332e2d685b4ce60632be86d58384e0ab374bec637df9394ac,54,true,verified_pdf,screened,finding_recorded,w17310.pdf
w17508,https://www.nber.org/system/files/working_papers/w17508/w17508.pdf,d5af1bea5793303e1b84b46aa7756c382933ac711c4cdec3b037b7737ac5b719,68,true,verified_pdf,screened,finding_recorded,w17508.pdf
w17534,https://www.nber.org/system/files/working_papers/w17534/w17534.pdf,91103ca956ade93176836fb0126f6a6846627582fc5423597af91914a3f5091c,59,true,verified_pdf,screened,finding_recorded,w17534.pdf
w19756,https://www.nber.org/system/files/working_papers/w19756/w19756.pdf,744a1706e2d3a0ee5de3c414c4aa66c7ebb926a8e83bc64a0cf2713806076def,55,true,verified_pdf,screened,finding_recorded,w19756.pdf
w20118,https://www.nber.org/system/files/working_papers/w20118/w20118.pdf,ef2d923747cf6ca63b12153b60c99e70397bcdae14cd1ebd13791df862fafc73,88,true,verified_pdf,screened,finding_recorded,w20118.pdf
w20810,https://www.nber.org/system/files/working_papers/w20810/w20810.pdf,8e330daefa0399abba56930c053a374a8d524a9cdfb6860c79b0d1f87b219132,71,true,verified_pdf,screened,finding_recorded,w20810.pdf
w20847,https://www.nber.org/system/files/working_papers/w20847/w20847.pdf,575b20ac507f30a812e9b5d457bc3418f6a7c5d1e9f4897f90ff2f9e20ef1b54,83,true,verified_pdf,screened,finding_recorded,w20847.pdf
w21071,https://www.nber.org/system/files/working_papers/w21071/w21071.pdf,247efdd2ffe5c84e401b5e107457f9cd63200b141a3a85c69fb2430d456bd40a,75,true,verified_pdf,screened,finding_recorded,w21071.pdf
w21101,https://www.nber.org/system/files/working_papers/w21101/w21101.pdf,879cac8eb93e34e6b32c8b01052cc3d9c10d183d7916031de07f4a30b0a9f557,41,true,verified_pdf,screened,finding_recorded,w21101.pdf
w21354,https://www.nber.org/system/files/working_papers/w21354/w21354.pdf,8f96999155ff4f4d5e744d8ffbb169fbf997a0dd7ea964fe5e30fb10fe09970b,46,true,verified_pdf,screened,finding_recorded,w21354.pdf
w21630,https://www.nber.org/system/files/working_papers/w21630/w21630.pdf,96c820a86ed6932f78fd77829e7da80e6180114a470819de0754485cfe1269a4,74,true,verified_pdf,unreviewed,acquired,w21630.pdf
w21745,https://www.nber.org/system/files/working_papers/w21745/w21745.pdf,fdc0ca5221a6c1a06733f25be15108f0d6901f7a53f4b101d7983e5cadde666a,46,true,verified_pdf,screened,finding_recorded,w21745.pdf
w22011,https://www.nber.org/system/files/working_papers/w22011/w22011.pdf,245bd4e6dba194b02590ffba61404bd3bfdc5bc140ec8fee43507e060c49328e,87,true,verified_pdf,unreviewed,acquired,w22011.pdf
w22721,https://www.nber.org/system/files/working_papers/w22721/w22721.pdf,51e81d8a1061f81f5e15db25f1144610b9ba4984733c3e372cb9a3c491bd86bf,69,true,verified_pdf,unreviewed,acquired,w22721.pdf
w23017,https://www.nber.org/system/files/working_papers/w23017/w23017.pdf,7e4894dc64fb4d463d38350f61db23d080e0d6d780ae652372439354fe845af6,130,true,verified_pdf,screened,finding_recorded,w23017.pdf
w23410,https://www.nber.org/system/files/working_papers/w23410/w23410.pdf,840b68eba40c9e970b991ad2a46f02275fdf50aa546ae35e6f2eec672ece2a95,61,true,verified_pdf,screened,finding_recorded,w23410.pdf
w23489,https://www.nber.org/system/files/working_papers/w23489/w23489.pdf,141a52e3de9d89c84700b95474dbc785ab29f6c3c5bbc3241249a4fa9a215b21,59,true,verified_pdf,unreviewed,acquired,w23489.pdf
w24061,https://www.nber.org/system/files/working_papers/w24061/w24061.pdf,0b9bdabf39b2faaecbde964051de8e727ca01e3dbe5eb3d09bd44de034630055,66,true,verified_pdf,unreviewed,acquired,w24061.pdf
w2433,https://www.nber.org/system/files/working_papers/w2433/w2433.pdf,7cce2cdaf74d7f24f43dde4863aa7f6dc23497b2eb4eefb9177fcbdf169a3aa9,19,true,verified_pdf,unreviewed,acquired,w2433.pdf
w24594,https://www.nber.org/system/files/working_papers/w24594/w24594.pdf,5a8a45adb56710bf9ad524062270bd848677ddd72fbb8d6dc9d2e37517297e9d,67,true,verified_pdf,unreviewed,acquired,w24594.pdf
w24802,https://www.nber.org/system/files/working_papers/w24802/w24802.pdf,fea04b497278fe2ffe1f2d265769f2978dbf47667db566bd8168ddb06a571947,64,true,verified_pdf,screened,finding_recorded,w24802.pdf
w24865,https://www.nber.org/system/files/working_papers/w24865/w24865.pdf,826b4eb36560c6608e63e790933f458660f48b04ef78b68569f08d6f93df2fc1,128,true,verified_pdf,unreviewed,acquired,w24865.pdf
w24913,https://www.nber.org/system/files/working_papers/w24913/w24913.pdf,359a044fcb45cb25516829e9334479757bd34c52410ff4d946f896e6696529fe,54,true,verified_pdf,screened,finding_recorded,w24913.pdf
w25886,https://www.nber.org/system/files/working_papers/w25886/w25886.pdf,b4ba39fccb536fceb86198abf2b3043dd461b11c3c1aa1363b922f8036e5e8ab,44,true,verified_pdf,screened,finding_recorded,w25886.pdf
w26638,https://www.nber.org/system/files/working_papers/w26638/w26638.pdf,8c6de68c0cd6f6286d75d96c5e405c6f3f2124cd9efdfa03c34dee42e65de472,70,true,verified_pdf,unreviewed,acquired,w26638.pdf
w26942,https://www.nber.org/system/files/working_papers/w26942/w26942.pdf,5c381ef690919c8e4f769c4c86e22332080e61484ef25310bab393e98db02743,80,true,verified_pdf,screened,finding_recorded,w26942.pdf
w27711,https://www.nber.org/system/files/working_papers/w27711/w27711.pdf,3576560e34cc708aa5f89a171a4e461d608d646e46180064a308d522c0c35687,77,true,verified_pdf,unreviewed,acquired,w27711.pdf
w29031,https://www.nber.org/system/files/working_papers/w29031/w29031.pdf,62b6b290ce1848604450f4dfc89f45a3257d6baddc232dafa9be83431cebdf99,58,true,verified_pdf,screened,finding_recorded,w29031.pdf
w29855,https://www.nber.org/system/files/working_papers/w29855/w29855.pdf,c62415d39a6c1f3e0ab936f91491bb29e12faef94ee8935a9d86190927d60bc9,100,true,verified_pdf,screened,finding_recorded,w29855.pdf
w29988,https://www.nber.org/system/files/working_papers/w29988/w29988.pdf,69e2c856ab1408e46040b45ac8dcdf2dbc5d9bcf947eb81ef62b3b269a6839d7,73,true,verified_pdf,unreviewed,acquired,w29988.pdf
w30162,https://www.nber.org/system/files/working_papers/w30162/w30162.pdf,27bb0a69610bdaa64e7b790a1498aaed1003851417361375070f59dc55013a92,57,true,verified_pdf,unreviewed,acquired,w30162.pdf
w30424,https://www.nber.org/system/files/working_papers/w30424/w30424.pdf,34b9338ef63c1e3a3d407b1befafef8a60c3fa83e37b6f8e674b27db7a0604f7,61,true,verified_pdf,screened,finding_recorded,w30424.pdf
w30902,https://www.nber.org/system/files/working_papers/w30902/w30902.pdf,60f83d5ede6301c253b236ad1701870a04d605bb6e47f10b766927f2e84c04c6,42,true,verified_pdf,screened,finding_recorded,w30902.pdf
w31093,https://www.nber.org/system/files/working_papers/w31093/w31093.pdf,22912de7a09779cd8548fd66e9e41495843c10c22b86dba6e869280e07c0dba0,43,true,verified_pdf,unreviewed,acquired,w31093.pdf
w31523,https://www.nber.org/system/files/working_papers/w31523/w31523.pdf,0c8a8213956e99f43f8f5047896c31a9d000234ee7061acb24e8d483c22777e8,65,true,verified_pdf,screened,finding_recorded,w31523.pdf
w32613,https://www.nber.org/system/files/working_papers/w32613/w32613.pdf,fae7599ed29b2dab6944e4cdae47617eefa7bd08dd809db0c0d49f33d429071b,83,true,verified_pdf,unreviewed,acquired,w32613.pdf
w32806,https://www.nber.org/system/files/working_papers/w32806/w32806.pdf,c8043d798169ac597481925cc1c7d81614d4d0b088b707e8245a23bceb2335eb,65,true,verified_pdf,screened,finding_recorded,w32806.pdf
w33873,https://www.nber.org/system/files/working_papers/w33873/w33873.pdf,57dbd1b8a391e4939a87a3afa6c39db5b311ae9416ca8308fcb4f8fc3bfd5e1a,52,true,verified_pdf,screened,finding_recorded,w33873.pdf
w33884,https://www.nber.org/system/files/working_papers/w33884/w33884.pdf,3bd1c057dadccae3f346e3df1f5368285d2655751a1a04be26d78e21cd1c896c,126,true,verified_pdf,unreviewed,acquired,w33884.pdf
w34095,https://www.nber.org/system/files/working_papers/w34095/w34095.pdf,3635baf1f5aec92d42499a5b0f327a3a4a3a90a1798823eed11daad98ea039fb,42,true,verified_pdf,screened,finding_recorded,w34095.pdf
w4794,https://www.nber.org/system/files/working_papers/w4794/w4794.pdf,c29241d57866145e35b3646c6ca97153ed069742ff02fb4b082a671dd2406454,21,true,verified_pdf,unreviewed,acquired,w4794.pdf
w4883,https://www.nber.org/system/files/working_papers/w4883/w4883.pdf,10188135c2b6035613eaf9a49068bd6fe8c6a92dc74f41951aabfd563d083180,44,true,verified_pdf,unreviewed,acquired,w4883.pdf
w6003,https://www.nber.org/system/files/working_papers/w6003/w6003.pdf,0e714ee37eb21f32b7648c4e3887a7ed3e3805f8e7b1d1b010c1045229593c98,52,true,verified_pdf,unreviewed,acquired,w6003.pdf
w6305,https://www.nber.org/system/files/working_papers/w6305/w6305.pdf,0a094e50b30a27e3500b86dfb95df1fcd53c1dc742cbd9963c95f045c9352566,39,false,verified_pdf,unreviewed,acquired,w6305.pdf
w6554,https://www.nber.org/system/files/working_papers/w6554/w6554.pdf,613e0d6b3194b02c6e0d6155cd7e3a3e67eef7768858ff637f728ef54970529d,52,false,verified_pdf,unreviewed,acquired,w6554.pdf
w6679,https://www.nber.org/system/files/working_papers/w6679/w6679.pdf,c8d47f281beb2c38439f8fca3b8172450f46096903685ba740b792c539eef5d5,31,false,verified_pdf,unreviewed,acquired,w6679.pdf
w6766,https://www.nber.org/system/files/working_papers/w6766/w6766.pdf,09555a838abc04c2cfb88f7f346637f14e662bb861cd62d16328dd66e7eb54fb,59,false,verified_pdf,unreviewed,acquired,w6766.pdf
w7343,https://www.nber.org/system/files/working_papers/w7343/w7343.pdf,1f26bd278c83f88eeca183143e8545ba5d5ebdf220b387d0b205571efa803423,41,true,verified_pdf,unreviewed,acquired,w7343.pdf
w7397,https://www.nber.org/system/files/working_papers/w7397/w7397.pdf,14ebb63764c05284bc58ca89e579ba7c8056b1e8af755846dd1ae96658d66ed9,57,true,verified_pdf,unreviewed,acquired,w7397.pdf
w7442,https://www.nber.org/system/files/working_papers/w7442/w7442.pdf,9542afe0b943c8c358e22a25a9f3ab307d1d099aace794f64a79b0870d52925d,74,true,verified_pdf,screened,finding_recorded,w7442.pdf
w7666,https://www.nber.org/system/files/working_papers/w7666/w7666.pdf,b389128d489135150cdff37b2ece83ce0c0c5167d5f669375c578681b5ea733e,53,true,verified_pdf,unreviewed,acquired,w7666.pdf
w7973,https://www.nber.org/system/files/working_papers/w7973/w7973.pdf,caa288906a0812a1c8faf438a8647fece3e0795f1c32829869c0fcb1a532ab53,60,true,verified_pdf,unreviewed,acquired,w7973.pdf
w8578,https://www.nber.org/system/files/working_papers/w8578/w8578.pdf,b44efa92fcb819ff01bb16b6b61e7916273184a0d6ae8168670e35f85f43907f,41,true,verified_pdf,screened,finding_recorded,w8578.pdf
w9360,https://www.nber.org/system/files/working_papers/w9360/w9360.pdf,0b9ca6a753105ec26060894b768f518387f81a84a4deed9a42723cb1a8c842f6,65,true,verified_pdf,screened,finding_recorded,w9360.pdf
w9652,https://www.nber.org/system/files/working_papers/w9652/w9652.pdf,0ad60babe5bcb4dc03f42d1b549b78c7342e0030d64319b2579e42a06aa76fe2,58,true,verified_pdf,unreviewed,acquired,w9652.pdf
w9769,https://www.nber.org/system/files/working_papers/w9769/w9769.pdf,f5092d417c325eda88643d6008105809b0663785e571626ba09716043f8de00f,31,true,verified_pdf,screened,finding_recorded,w9769.pdf
black2007_iza_dp1864,https://ftp.iza.org/dp1864.pdf,34398bafbe14556b64cee135f673be3c95042205049040e055bf0bf07d91d317,58,true,verified_pdf,screened,finding_recorded,black2007_iza_dp1864.pdf
knop2018_pmc6405546,https://pmc.ncbi.nlm.nih.gov/articles/PMC6405546/,pmc_oai_fulltext_xml_2026-09-14,12,true,verified_pmc_xml,screened,finding_recorded,knop2018_pmc6405546.xml
royer2009_aea_abstract_page,https://www.aeaweb.org/articles?id=10.1257/app.1.1.49,3a752afcf5a0f29864dc7d033eb0f4b2b37b2d2327ec595adf41a97cb9772829,1,true,verified_html_abstract,screened,finding_recorded,royer2009_aea_abstract_page.html
