finding_id,corpus_id,exposure,outcome,estimand,point,standard_error,unit,time_horizon,population_scope,design,composition_status,extraction_status,notes
"w8578_layoff_divorce_next_year","w8578","spouse_layoff","marriage_ends_in_divorce_by_next_year","probit_index_coefficient",0.309,0.095,"probit_index","one year","US PSID married couples across waves; layoff rather than plant-closure loss","probit with robust clustered SE","not_composable_without_probability_translation","fulltext_table","Table 6: layoff coefficient is positive; plant-closure coefficient is not. This result cannot be treated as a pure income-shock edge because the paper's contrast points to information/non-pecuniary mechanisms."
"w21745_father_closure_child_mental_health","w21745","father_business_closure","child_mental_health_fair_or_poor","absolute_risk_difference",0.009,0.005,"probability_points","short run after displacement","US MEPS children age 6+ with employed father at baseline","child fixed-effects/event timing comparison","composable_after_baseline_and_time_alignment","fulltext_table","Table 2 closure specification. The source also reports mixed physical-health outcomes and heterogeneity by parent sex and SES; do not generalize this one effect to every child or displacement."
"w9360_maternal_education_birth_outcomes","w9360","maternal_education","infant_birth_weight_and_gestation","directional_causal_finding",,,"directional","at birth","US natality records 1970-1999; mothers linked over births and college-opening IV","two complementary designs including college-availability IV","requires_table_extraction","abstract_screened","Abstract establishes the bridge and named mechanisms (prenatal care smoking marriage parity) but no numerical estimate is admitted until the scan-only tables are transcribed or OCR'd."
"w24802_assault_pregnancy_severe_birth_index","w24802","assault_at_maternal_home_during_pregnancy","severe_birth_outcomes_index","standardized_index_effect",0.30,0.13,"index_sd","per affected pregnancy","NYC singleton sibling births to mothers in single-family homes in Bronx Brooklyn or Queens 2004-2012","maternal fixed effects with clustered SE","not_directly_composable_until_index_is_unpacked","fulltext_table","Table 3 maternal-FE specification. This is an index effect rather than grams or a probability; retain it as a separate outcome until constituent-outcome estimates are extracted."
"w30424_move_place_birth_weight","w30424","move_from_below_to_above_median_birth_weight_zip","birth_weight","mean_difference",19,2.69,"grams","at birth","California mothers with multiple births; place effects estimated net of mother fixed effects","mother fixed-effects place-effect model","composable_with_move_definition_and_place_scope","fulltext_results","Section 5.2.1 / Table 2: 19 g estimate compares mean place effects above versus below the median; it is not the effect of any arbitrary move."
"w25886_parental_divorce_university_admission","w25886","parental_divorce_age_13_to_18","university_admission_at_18","absolute_probability_difference",-0.0156,0.0037,"probability_points","at age 18","Taiwan siblings whose mothers have multiple births; divorce exposure age 13-18","mother fixed effects","composable_only_with_matching_age_and_country_scope","fulltext_table","Table 2 column 3. Abstract reports a 10.6 percent relative decrease; the registry stores the table's absolute probability coefficient and SE."
"w33873_divorce_family_outcomes","w33873","parental_separation","adult_and_child_social_health_outcomes","multi_outcome_event_study",,,"multi_outcome","lead_and_lag around separation","New Zealand linked administrative records","matched difference-in-differences","requires_outcome_specific_extraction","abstract_screened","The abstract reports divergent parent employment changes and increased mental-health/crime-victimization risks. No generic divorce edge is created: each outcome needs its own table and pretrend check."
"w13626_displacement_mortality","w13626","job_displacement","mortality_rate","log_odds_coefficient",0.127,0.048,"log_odds","year_6_onward","US high-seniority displaced workers born 1930-1959","administrative matched employment and mortality records","already_parameterized","fulltext_table","Already represented by parameters.csv earnings_shock->mortality_sustained after exponentiation to OR 1.135 with its transformed interval. Kept here so the corpus registry and parameter provenance remain linked."
"w15480_parental_job_loss_grade_retention","w15480","parental_job_loss","child_grade_retention","absolute_probability_difference",0.0081,0.0038,"probability_points","one_or_more_years_after_loss","US SIPP children; effect concentrated in lower-education households","child fixed effects with event timing","already_parameterized","fulltext_table","Already represented by parameters.csv displacement->grade_retention_hazard after conversion using the study baseline. Current-year effect is null, an important timing constraint."
"w26942_early_food_stamps_human_capital","w26942","food_stamps_access_before_age_5","adult_human_capital","standard_deviation_difference",0.06,,"sd","adulthood","US cohorts differentially exposed to county Food Stamps rollout 1961-1975","policy rollout design with linked Census ACS and SSA records","requires_table_uncertainty_extraction","abstract_screened","Abstract reports 6 percent of an SD. Preserve as a program-access treatment; it is not a generic dollar-income elasticity."
"w26942_early_food_stamps_incarceration","w26942","food_stamps_access_before_age_5","adult_incarceration","absolute_probability_difference",-0.005,,"probability_points","adulthood","US cohorts differentially exposed to county Food Stamps rollout 1961-1975","policy rollout design with linked Census ACS and SSA records","requires_table_uncertainty_extraction","abstract_screened","Abstract reports a 0.5 percentage-point decline. SE and exact outcome window require table extraction before parameter admission."
"w20810_youth_employment_lottery","w20810","summer_youth_employment_program_access","future_earnings_college_incarceration_mortality","multi_outcome_lottery_effect",,,"multi_outcome","program year through later follow-up","NYC Summer Youth Employment Program lottery applicants","randomized lottery linked to tax and incarceration records","requires_outcome_specific_extraction","abstract_screened","Abstract reports current-year earnings/employment gains, moderate earnings decreases over the next three years, no college effect, and lower incarceration and mortality. These effects cannot be collapsed into one employment edge."
"w29855_school_funding_adult_arrest","w29855","elementary_school_funding","adult_arrest","directional_causal_finding",,,"directional","adulthood","Michigan public-school students linked to adult justice records","school-finance reform and close-bond-election quasi-experiments","requires_table_extraction","abstract_screened","Abstract supports a lower adult-arrest risk after additional elementary-school funding; effect scale and uncertainty remain to be extracted separately for each research design."
"w29031_bipolar_treatment_career","w29031","access_to_lithium_maintenance_treatment","earnings_and_disability_risk","relative_penalty_reduction",0.333,,"share_of_baseline_penalty","career after typical twenties onset","Denmark registry population with bipolar disorder","institutional timing of lithium approval","requires_table_uncertainty_extraction","abstract_screened","Abstract: treatment access eliminates one third of the bipolar-disorder earnings penalty and more than half of disability risk. This is a treatment effect, not a prevalence-to-earnings edge."
"w21354_birth_weight_adult_outcomes","w21354","birth_weight","permanent_income_education_social_insurance_mortality","directional_causal_finding",,,"directional","life course","Swedish twins born 1926-1958 linked to administrative records","within-twin analysis","requires_table_extraction","abstract_screened","Abstract establishes positive effects on permanent income and effects on benefits and mortality. The paper must be read at the chosen birth-weight increment before composition."
"w23410_severe_disaster_outmigration","w23410","severe_natural_disaster","county_outmigration_rate","absolute_probability_difference",0.015,,"probability_points","county-level post-disaster response","US counties with federally designated disasters 1920-2010","county panel/event comparison","requires_table_uncertainty_extraction","abstract_screened","Abstract: severe disasters raise out-migration by 1.5pp. It is a place-level effect and cannot be used as an individual move probability without a population bridge."
"w23410_severe_disaster_housing_prices","w23410","severe_natural_disaster","county_housing_price_or_rent","percent_change",-0.0375,,"percent","county-level post-disaster response","US counties with federally designated disasters 1920-2010","county panel/event comparison","requires_table_uncertainty_extraction","abstract_screened","Abstract reports a 2.5-5.0 percent fall; stored midpoint only as a screening placeholder, never a graph parameter until estimates and uncertainty are extracted."
"w34095_reskilling_depression_spillover","w34095","reskilling_access_after_work_accident","worker_and_partner_depression","cases_prevented_per_treated_worker",0.333,,"cases_per_worker","post-injury follow-up","Danish injured workers and partners","institutional variation in higher-education access","requires_table_extraction","abstract_screened","Abstract reports one worker depression case prevented per three injured workers and equally large partner spillovers. Outcome definition and horizon need table extraction."
"w31523_adult_prosecution_future_charges","w31523","adult_prosecution_at_age_threshold","future_felony_charges","count_difference",-0.48,,"felony_cases","five years","first-time felony defendants near adult criminal-majority threshold in Wayne County Michigan","regression discontinuity at age of majority","requires_table_uncertainty_extraction","abstract_screened","Abstract reports 20 percent fewer future felony cases alongside worse labor outcomes; retain both signs rather than treating prosecution as uniformly harmful or beneficial."
"w31523_adult_prosecution_earnings","w31523","adult_prosecution_at_age_threshold","annual_earnings","currency_difference",-674,,"usd_per_year","post-prosecution career","first-time felony defendants near adult criminal-majority threshold in Wayne County Michigan","regression discontinuity at age of majority","requires_table_uncertainty_extraction","abstract_screened","Abstract reports 21 percent lower annual earnings and fewer employers. Price year and standard error must be read from tables before any simulation use."
"collinson2025_eviction_children","collinson2025_eviction_children","eviction_order","child_home_school_and_graduation_outcomes","multi_outcome_judge_iv_effect",,,"multi_outcome","post-eviction school years","children in eviction-court households in Chicago and New York","random assignment of cases to judges with different eviction propensities","requires_outcome_specific_extraction","abstract_screened","Abstract supports increases in mobility homelessness doubling-up absences and school changes; elementary/middle test-score effects are small while high-school credits and graduation fall. Preserve the explicit null/mixed outcomes."
"coile2004_health_shock_couple_labor","coile2004_health_shocks_couples","unexpected_health_shock","affected_worker_and_spouse_labor_supply","multi_outcome_panel_effect",,,"multi_outcome","near-retirement follow-up","US Health and Retirement Study couples in their 50s and 60s","longitudinal panel analysis","requires_table_extraction","abstract_screened","Abstract: affected worker labor supply falls sharply especially after functional loss; added-worker response is small for men and absent for women. It cannot be represented by one household-income multiplier."
"deshpande2019_disability_allowance_bankruptcy","deshpande2019_disability_financial_distress","disability_program_allowance","bankruptcy_within_three_years","absolute_probability_difference",-0.0081,,"probability_points","within three years of decision","US disability applicants affected by age-based eligibility rule","age-threshold quasi-experiment","requires_table_uncertainty_extraction","abstract_screened","Abstract: allowance lowers bankruptcy by 0.81pp (30 percent). This is a protective intervention edge and must not be reversed into an effect of disability itself."
"deshpande2019_disability_allowance_foreclosure","deshpande2019_disability_financial_distress","disability_program_allowance","foreclosure_among_homeowners","absolute_probability_difference",-0.017,,"probability_points","within three years of decision","US homeowner disability applicants affected by age-based eligibility rule","age-threshold quasi-experiment","requires_table_uncertainty_extraction","abstract_screened","Abstract: allowance lowers foreclosure by 1.7pp (30 percent). The denominator is homeowners only."
"humphries2019_eviction_poverty","humphries2019_eviction_poverty","eviction_order","poverty_and_financial_outcomes","superseded_working_paper",,,"not_applicable","not applicable","US eviction-court households","superseded by later Collinson et al. work","do_not_double_count","abstract_screened","This working-paper lineage was superseded by later work in the corpus. Retain for provenance and comparison, but never create an independent duplicate edge."
"lochner2001_high_school_incarceration","lochner2001_education_crime","high_school_graduation","incarceration_probability","absolute_probability_difference",-0.0076,,"probability_points","adult incarceration","US white population in compulsory-schooling-law IV analysis","instrumental variables using compulsory attendance laws","requires_table_uncertainty_extraction","abstract_screened","Abstract reports -0.76pp for white people and -3.4pp for Black people. This row stores one scope only; the heterogeneous Black estimate needs its own record and never an undifferentiated average."
"bhuller2016_incarceration_recidivism","bhuller2016_incarceration_recidivism_employment","incarceration","reoffending_within_five_years","absolute_probability_difference",-0.29,,"probability_points","five years","Norwegian criminal defendants; effect concentrated among those not working pre-incarceration","judge-stringency IV","requires_table_uncertainty_extraction","abstract_screened","Abstract: imprisonment lowers reoffending 29pp and 11 charges overall but harms employment for previously employed defendants. This is explicitly treatment- and subgroup-dependent."
"currie2007_child_mental_health_human_capital","currie2007_childhood_mental_health_human_capital","childhood_mental_health_symptoms","future_test_scores_and_schooling","directional_sibling_fe_finding",,,"directional","childhood through later schooling","nationally representative US and Canadian children","sibling fixed effects","requires_table_extraction","abstract_screened","Abstract finds large adverse future test-score and schooling effects especially for ADHD, independent of family income and maternal education. Need symptom scale and table-specific outcome extraction."
"chetty2016_childhood_environment_gender_gaps","chetty2016_childhood_environment_gender_gaps","childhood_neighborhood_disadvantage","adult_employment_earnings_college_and_crime","descriptive_place_association",,,"associational","adulthood","US tax-record cohorts born in the 1980s","descriptive spatial analysis","context_only_not_a_causal_edge","abstract_screened","Important map of heterogeneity, but this paper documents spatial associations rather than an isolating move/exposure design. It must not create a poverty-to-crime edge; causal place effects are handled separately."
"w10122_recession_conception_selection","w10122","unemployment_rate_at_conception","infant_health","selection_and_behavior_decomposition",,,"not_a_single_effect","at conception and birth","US Natality Files and California mother panel","maternal panel plus aggregate analysis","context_only_not_a_causal_edge","abstract_screened","Aggregate counter-cyclical infant health is substantially selection-driven and differs by race. This paper is a guardrail against treating recession-level patterns as an individual job-loss-to-birth-weight causal edge."
"w10251_pollution_infant_mortality","w10251","carbon_monoxide_and_pm10_pollution","infant_mortality","within_zip_pollution_effect",,,"mortality","at birth/infancy","California births in the 1990s","within-ZIP variation with individual birth records","requires_table_extraction","abstract_screened","Abstract reports that observed CO and PM10 reductions saved more than 1,000 infant lives, while finding little consistent evidence for fetal death low birth weight or gestation. Keep both the positive and null outcomes."
"w7442_particulates_infant_mortality","w7442","particulate_pollution","infant_deaths_per_100000_live_births","rate_difference_range",-6,,"deaths_per_100000_per_reported_pollution_unit","first month and day after birth","US counties during 1980-1982 recession pollution shocks","geographic pollution shocks induced by recession","requires_unit_and_uncertainty_extraction","abstract_screened","Abstract reports 4-8 fewer infant deaths per 100000 live births for a one-unit particulate reduction and an elasticity 0.35-0.45. Midpoint is a screening placeholder only; pollutant unit and table uncertainty must be verified."
"w32806_preconception_violence_birth_health","w32806","long_term_preconception_local_violence","infant_birth_outcomes","directional_causal_finding",,,"directional","preconception through birth","Mexico administrative data","two empirical strategies described by authors","requires_table_extraction","abstract_screened","Long-term violence before conception worsens infant health. This is a separate temporal exposure from assaults during pregnancy and must not be merged with it."
"w30902_economic_crisis_birth_weight","w30902","economic_crisis_during_pregnancy","birth_weight","quasi_experimental_directional_finding",,,"directional","during pregnancy","Turkey births around 2008-2009 crisis; stronger effect for lower-education mothers","crisis quasi-experiment with mother fixed-effect supplementary analysis","requires_table_extraction","abstract_screened","Economic distress lowers birth weight and changes fertility selection. Scope and selection require a specific crisis-shock node rather than a generic income coefficient."
"w24913_ssi_child_outcomes","w24913","child_ssi_eligibility_at_1200g_cutoff","child_outcomes_parenting_and_maternal_labor_supply","multi_outcome_rd_effect",,,"multi_outcome","childhood","low-birth-weight children near SSI eligibility cutoff","regression discontinuity","requires_outcome_specific_extraction","abstract_screened","Eligibility improves child outcomes and parenting behaviors and shifts maternal labor from full to part time. The threshold population is narrow and cannot stand in for a general transfer effect."
"w14524_high_birth_weight_cognition","w14524","high_or_low_birth_weight","child_cognitive_outcomes","nonlinear_birth_weight_association",,,"nonlinear","childhood","US children","method not verified in this screening pass","context_only_pending_design_review","abstract_screened","Abstract reports adverse cognitive outcomes at both <2500g and >4500g. Do not create a linear birth-weight edge until the identification strategy and full nonlinear response are extracted."
"w23017_early_life_review","w23017","early_life_shocks_and_investments","adult_outcomes","literature_review",,,"not_applicable","life course","review article","research synthesis","discovery_only_not_a_parameter_source","abstract_screened","Useful bridge map and source locator, but a review does not itself supply a graph coefficient; use it to locate the underlying qualifying studies."
"w9769_welfare_reform_prenatal_care","w9769","welfare_caseload_reduction","prenatal_care_and_low_birth_weight","policy_association_range",,,"range","during pregnancy","low-education US mothers during welfare reform","policy comparison; identification requires full-method review","requires_design_and_table_review","abstract_screened","Abstract reports ranges from zero to adverse changes. Preserve the uncertainty and do not infer a single direction or causal income mechanism before full review."
"w14790_smoking_bans_short_run_null","w14790","workplace_smoking_ban","short_run_mortality_and_hospitalization","null_effect",0,,"null","short run","US smoking-restricted versus comparison regions","nationally representative comparative analysis","context_only_not_a_causal_edge","abstract_screened","Important null: no statistically significant short-run decline in mortality or hospital admissions. Retain as a counterweight to small regional studies; it does not establish a long-run no-effect claim."
"w10175_unilateral_divorce_family_distress","w10175","unilateral_divorce_law","female_suicide_domestic_violence_and_spousal_homicide","state_law_quasi_experiment",,,"multi_outcome","post-law adoption","US state panels","staggered divorce-law reform","requires_outcome_specific_extraction","abstract_screened","PDF header identifies working paper 10174 despite local retrieval name 10175; verify canonical identity before citation. The paper reports lower female suicide and domestic violence but is a legal-regime treatment not a generic divorce consequence."
"w10720_family_size_birth_order_education","w10720","additional_sibling_or_birth_order","educational_attainment","twin_iv_and_birth_order_effect",,,"multi_exposure","adult education","Norwegian population linked families","twin births as family-size IV with birth-order controls","requires_table_extraction","abstract_screened","Key result: family-size effect becomes negligible after birth-order controls while later birth order lowers education. Do not turn this into a generic sibling-count penalty."
"w11279_family_income_math","w11279","family_income","child_math_achievement","standard_deviation_change_per_1000_usd",0.021,,"sd_per_1000_usd","childhood test score","US NLSY children and mothers","fixed-effects instrumental variables using EITC changes","cross_study_anchor_not_current_parameter","abstract_screened","Abstract estimate is +2.1 percent of an SD per $1000. Current parameterization uses a later published extraction; retain this as an independent scope/time anchor rather than overwrite it."
"w11279_family_income_reading","w11279","family_income","child_reading_achievement","standard_deviation_change_per_1000_usd",0.036,,"sd_per_1000_usd","childhood test score","US NLSY children and mothers","fixed-effects instrumental variables using EITC changes","cross_study_anchor_not_current_parameter","abstract_screened","Abstract estimate is +3.6 percent of an SD per $1000. Dollar year and uncertainty require table extraction for any separate parameter."
"w11577_mto_neighborhood_mixed_youth_effects","w11577","mto_voucher_offer","adult_and_youth_economic_health_and_behavioral_outcomes","randomized_multi_outcome_effect",,,"multi_outcome","four_to_seven_year follow-up","high-poverty public-housing families in five US cities","randomized voucher lottery","requires_outcome_specific_extraction","abstract_screened","Important mixed result: adult economic self-sufficiency and physical-health effects are null; adult/female-youth mental health improves; female-youth benefits are offset by adverse male-youth effects. This prevents a one-sign neighborhood move edge."
"w12003_incarceration_length_employment_null","w12003","longer_incarceration_duration","post_release_employment_and_earnings","null_effect",0,,"null","post-release","Florida state and California federal systems","random-judge sentencing-propensity IV among other designs","context_only_not_a_causal_edge","abstract_screened","No consistent adverse labor-market effect of longer incarceration length in these settings. This is not evidence about incarceration versus no incarceration and must remain distinct from that treatment."
"w12171_child_maltreatment_crime","w12171","child_maltreatment","youth_crime_participation","relative_risk_approximately_doubled",2,,"relative_risk","adolescence/youth","US Add Health children; larger effects in lower-SES children and boys","OLS matching and twin fixed effects","requires_design_and_table_review","abstract_screened","Abstract says maltreatment approximately doubles many crime probabilities but combines methods with different assumptions. Extract the twin-FE estimand and outcome-specific uncertainty before admission."
"w13022_katrina_evacuation_wellbeing","w13022","hurricane_katrina_evacuation","labor_supply_earnings_and_total_income","evacuation_panel_effect",,,"multi_outcome","2004-2006","Greater New Orleans evacuees in Current Population Survey","longitudinal comparison","context_only_pending_design_review","abstract_screened","Finds no evidence that low-income residents were disadvantaged by their original depressed location; persistent evacuees fare worse but host-community characteristics explain little. Preserve as a counterexample and do not infer a simple move benefit."
"w13524_school_finance_general_equilibrium","w13524","school_finance_reform","housing_prices_and_neighborhood_composition","calibrated_general_equilibrium_model",,,"model_output","decade around Michigan 1994 reform","Detroit metropolitan area","calibrated general-equilibrium model with descriptive validation","model_context_not_empirical_edge","abstract_screened","Useful for system-level feedback hypotheses, not a causal coefficient for an individual graph edge."
"w14781_vietnam_service_heterogeneous_employment","w14781","vietnam_era_military_service","employment_and_disability","draft_lottery_effect",,,"heterogeneous_multi_outcome","long run","US Vietnam-era draft-lottery-eligible men","draft lottery","requires_outcome_specific_extraction","abstract_screened","Overall employment and work-disability effects are null, while white low-earnings-potential men have worse employment and more non-work disability. Preserve subgroup structure."
"w15827_early_childhood_review","w15827","early_childhood_shocks_and_remediation","later_life_outcomes","literature_review",,,"not_applicable","life course","research synthesis","review","discovery_only_not_a_parameter_source","abstract_screened","Source map only. Its key conceptual warning is valuable: a causal shock-to-outcome estimate does not establish biological immutability or identify the best remediation."
"w16798_birth_inequality_pollution","w16798","maternal_education_and_environmental_exposure","low_birth_weight_gap","descriptive_decomposition",0.06,,"share_of_gap","at birth","US births","descriptive environmental-exposure analysis","context_only_not_a_causal_edge","abstract_screened","Estimate says toxic-release exposure differences may explain 6 percent of a specific group gap. It is not an individual education-to-birth-weight causal coefficient."
"w16856_maternal_schooling_fertility","w16856","maternal_schooling","completed_fertility","natural_experiment_directional_effect",,,"directional","completed fertility","Arab communities in Israel with low female labor-force participation","school-access shock after end of mobility restrictions","requires_table_extraction","abstract_screened","More schooling sharply reduces completed fertility; mechanisms include assortative matching and contraceptive knowledge. Scope is substantively important."
"w17310_foreclosure_health","w17310","neighborhood_foreclosure_spike","urgent_unscheduled_hospital_visits","neighborhood_panel_association",,,"hospital_visits","short run","four US states hit by foreclosure crisis","ZIP-code panel with controls","requires_design_and_table_review","abstract_screened","Authors find increases in urgent and preventable-condition visits not explained by listed local confounds. It is neighborhood exposure not individual foreclosure and needs full causal-design review."
"w17508_divorce_risk_women_work","w17508","divorce_risk_and_wage_structure","female_labor_force_participation","calibrated_life_cycle_decomposition",0.60,,"share_of_observed_cohort_change","cohort life cycle","US women born 1935 versus 1955","calibrated dynamic life-cycle model","model_context_not_empirical_edge","abstract_screened","Model attributes about 60 percent of cohort LFP change to divorce risk and wage changes separately. Do not use model decomposition as a person-level causal parameter."
"w17534_ui_extension_unemployment","w17534","unemployment_insurance_extension","unemployment_rate","percentage_point_difference_range",0.3,,"percentage_points","early 2011","US UI-eligible unemployed during Great Recession","state-duration and longitudinal CPS comparisons","requires_table_uncertainty_extraction","abstract_screened","Abstract range is +0.1 to +0.5pp; midpoint is screening placeholder only. At least half reflects reduced labor-force exit rather than slower reemployment."
"w19756_early_drought_adult_disability","w19756","early_childhood_drought_exposure","later_life_male_disability_rate","relative_percent_change",0.04,,"relative_change","later life","South African Africans confined to homelands during apartheid","birth-cohort and drought variation","requires_table_uncertainty_extraction","abstract_screened","Abstract reports a 4 percent increase and larger effects under stronger mobility restrictions. Migrant networks are a named mitigating mechanism."
"w20118_school_finance_reform_superseded","w20118","school_finance_reform","adult_education_earnings_and_poverty","earlier_working_paper_version",,,"not_applicable","full childhood exposure","US cohorts in PSID","court-reform event study and IV","do_not_double_count","abstract_screened","Same author team and evidence lineage as w20847. Retain the draft for provenance but use the later paper's specified estimands after table verification."
"w20847_school_spending_adult_outcomes","w20847","per_pupil_spending_for_twelve_years","education_wages_and_adult_poverty","iv_effect_per_10_percent_spending",0.27,,"education_years","adult outcomes","US children born 1955-1985; effects stronger for low-income children","court-ordered school-finance-reform IV","requires_table_uncertainty_extraction","abstract_screened","Abstract: +10 percent spending yields +0.27 education years, +7.25 percent wages and -3.67pp annual adult poverty. Store each outcome separately once table SEs and exposure scaling are confirmed."
"w21071_low_income_housing_review","w21071","low_income_housing_policy","housing_and_life_outcomes","literature_review",,,"not_applicable","various","US policy literature","review","discovery_only_not_a_parameter_source","abstract_screened","Discovery source only; authors explicitly note major limits in existing empirical evidence."
"w21101_child_cash_benefits_expenditure","w21101","refundable_child_benefit_income","family_education_health_and_risky_spending","benefit_variation_effect",,,"spending_pattern","contemporaneous","Canadian families across provinces times and family types","policy benefit variation","requires_table_extraction","abstract_screened","Evidence supports multiple pathways—education/health inputs, household conditions and less risky spending—not a single child-outcome parameter."
"bhuller2018_parental_incarceration_null_child_outcomes","bhuller2018_incarceration_spillovers","paternal_incarceration","child_crime_and_school_performance","null_effect",0,,"null","childhood through observed follow-up","Norwegian children of criminal defendants","judge-stringency IV","context_only_not_a_causal_edge","abstract_screened","The same abstract finds father employment -20pp and no detectable child crime or school-performance effect. This is a direct counterweight to the Sweden parental-incarceration study."
"black2005_birth_weight_adult_outcomes","black2005_birth_weight_adult_outcomes","birth_weight","adult_education_earnings_and_mortality","within_twin_effect",,,"multi_outcome","life course","Norwegian twins","within-twin design","requires_table_extraction","abstract_screened","Birth weight matters for later outcomes but effect scale and nonlinear response require table extraction."
"butikofer2023_parental_mental_health","butikofer2023_parental_mental_health","parental_mental_health_diagnosis","adolescent_child_mental_health_diagnosis","intergenerational_association",0.093,,"probability_points","adolescence","Norwegian population administrative health records","intergenerational association plus policy evaluation","context_only_pending_causal_decomposition","abstract_screened","40 percent relative association is not a causal parent-to-child edge; policy resource increase reduced the association about 40 percent."
"cabral2020_school_shooting_human_capital","cabral2020_school_shootings","school_shooting_exposure","education_employment_and_earnings","matched_event_study",,,"multi_outcome","through ages 24-26","Texas students 1992-2018","within-student and matched-school cohort comparison","requires_table_extraction","abstract_screened","Increases absences and grade repetition; lowers graduation college and early earnings."
"chetty2015_mto_young_child_earnings","chetty2015_moving_to_opportunity","mto_move_to_lower_poverty_neighborhood_before_13","annual_earnings_mid_twenties","currency_difference",3477,,"usd_per_year","mid twenties","MTO voucher-takers moving before age 13","randomized voucher offer with treatment-on-treated estimate","requires_table_uncertainty_extraction","abstract_screened","31 percent gain relative to $11,270 control mean; moves after 13 have if anything negative effects."
"chettyhendren2016_childhood_exposure","chettyhendren2016_childhood_exposure","year_of_childhood_exposure_to_better_neighborhood","adult_outcomes","relative_improvement_per_year",0.04,,"relative_change_per_year","childhood through adulthood","US moving families","sibling and move-age exposure designs","requires_table_uncertainty_extraction","abstract_screened","Approximately 4 percent annual exposure gain across earnings college fertility and marriage; existing place parameter carries a more specific estimate."
"deryugina2014_katrina_economic_recovery","deryugina2014_katrina_economic_impact","hurricane_katrina","income_employment_marriage_divorce_and_fertility","multi_outcome_event_study",,,"multi_outcome","long term","Katrina victims in tax-return panel","individual tax-record panel","context_only_pending_design_review","abstract_screened","Place disruption is persistent but wage income employment and total income effects are small/transitory; divorce and fertility null."
"deryugina2018_katrina_mortality_place","deryugina2018_katrina_mortality","move_to_lower_mortality_region_after_katrina","eight_year_survival","absolute_probability_difference",0.0207,,"probability_points","eight years","Medicare New Orleans cohorts","hurricane-induced relocation and destination mortality comparison","requires_table_uncertainty_extraction","abstract_screened","Katrina improved eight-year survival; causal destination effect is 0.83-1.01pp per 1pp lower local mortality."
"dobbie2018_parental_incarceration_disadvantaged_children","dobbie2018_parental_incarceration","parental_incarceration_in_childhood","teen_crime_pregnancy_and_employment","multi_outcome_judge_iv",,,"multi_outcome","teen through age 20","Swedish disadvantaged children","random judge assignment","requires_table_uncertainty_extraction","abstract_screened","Among disadvantaged children teen crime +18pp pregnancy +8pp and age-20 employment -28pp; advantaged children null."
"dobkin2016_hospital_admission_economic_risk","dobkin2016_hospital_admissions","hospital_admission","earnings_debt_credit_and_bankruptcy","event_study",,,"multi_outcome","post-admission","US HRS and hospital-credit linked records","event study","requires_table_extraction","abstract_screened","Nonelderly adults face uninsured earnings risk and unpaid bills; elderly risk is small."
"gensowski2018_childhood_polio_adaptation","gensowski2018_childhood_polio","paralytic_childhood_polio","education_occupation_retirement_and_disability","quasi_random_paralysis_effect",,,"multi_outcome","to age 50","Danish 1952 polio-epidemic children","quasi-random paralysis incidence","requires_table_extraction","abstract_screened","Disability raises early retirement/pension but survivors adapt through higher education and white-collar/computer work."
"johnston2025_parental_divorce_adult_outcomes","johnston2025_divorce_family_arrangements","parental_divorce","child_adult_earnings_college_incarceration_mortality_and_teen_birth","sibling_exposure_effect",,,"multi_outcome","childhood through adulthood","US linked tax and Census children","siblings with differing divorce-exposure duration","requires_table_extraction","abstract_screened","Income neighborhood quality and parent proximity explain 25-60 percent; no generic divorce edge admitted."
"bds2007_twinfe_hs_completion_pp","black2007_iza_dp1864","birth_weight_log_point","high_school_completion_probability_points","twin_fe_linear_probability_coefficient","0.10","0.04","probability_points_per_log_birth_weight","age 18-20","Norway all-twins FE (Table 5); +10% BW -> +0.95pp HS completion ('a bit less than 1 percentage point', authors' text)","twin fixed effects, linear probability model","not_composable_without_probability_translation","fulltext_table","hs_completion is a probability-LEVEL node (boundary-applied, never chained); a dose-response row needs a declared RR-or-pp-per-log-BW translation before a parameter row can land. Queued behind the (GAP, PROB) dose-response composition decision."
"bds2007_twinfe_iq_stanine","black2007_iza_dp1864","birth_weight_log_point","iq_military_stanine","twin_fe_coefficient","0.62","0.18","stanine_points_per_log_birth_weight","age 18-20","Norway male same-sex twins FE (Table 5); +10% BW -> +0.06 stanine (~1/20th of a stanine)","twin fixed effects","requires_unit_and_uncertainty_extraction","fulltext_table","stanine SD = 2 points by construction, so the point is ~0.03 SD per log BW - one more candidate edge behind the (GAP, SD_DELTA) dose-response composition decision; recorded so the psychological channel is visible and quantified."
"bds2007_twinfe_1yr_mortality","black2007_iza_dp1864","birth_weight_log_point","one_year_mortality_deaths_per_1000","twin_fe_linear_slope","-41.15","7.64","deaths_per_1000_births_per_log_birth_weight","first year","Norway all-twins FE, full period (Table 5); +10% BW -> ~-3.9 deaths per 1000. UNSTABLE across specifications: early period (1967-81) FE -9.54 (12.98) n.s. (Appendix Table 4); same-sex 1967-79 FE +14.03 (16.48) - sign flip; authors' footnote 25: logit/probit marginal effects smaller by factor ~6 (rare-event functional-form sensitivity)","twin fixed effects (unstable across periods/sex-composition)","composable_after_baseline_and_time_alignment","fulltext_table","The steepest medical gradient on paper, but twin-FE infant-mortality estimates do not survive period/scale changes, and composing a linear per-1000 slope into the engine's log space needs a declared infant-mortality baseline node that does not exist. Recorded with the instability traveling beside it; any future row must declare the baseline, the functional form, AND the transport (Norway 1967-88 -> US today)."
lm2018_statefe_undoc_violent_elasticity,lightmiller2018_criminology,undocumented_population_log_change,state_violent_crime_rate_log_change,state-year FE log-log elasticity,-0.12,0.03,percent_violent_crime_change_per_percent_undocumented_population_change,"annual, 1990-2014","US 50 states + DC (N=1209 state-years, lagged regressors, clustered SE)","FE panel Table 2 Model 4 (full controls); IV beside: first-difference IV on 1980 undocumented stock, violence -0.46 (0.15) with year FE (Table 4 Panel A); weighted Model 6 -0.05 (0.02) is the conservative spec; lawful-immigration coefficient -0.08 (0.02); NCVS victimization + selective-migration IV robustness",already_parameterized,fulltext_table,LANDED v1.48 as immigrant_influx->receiving_violent_crime_rate. Abstract concedes the negative relationship is not significant in all specifications - the row's band carries the preferred-spec SE honestly and the direction (null-or-negative) is what the gate verdict rests on
bbp2012_supplypush_iv_total_crime_null,bianchibuonannopinotti2012_jea,immigrant_population_log_change,province_total_crime_rate_log_change,ten-year-difference IV elasticity (supply-push instrument),0.105,0.187,percent_total_crime_change_per_percent_immigrant_population_change,ten-year differences 1991-2001,"Italy, 95 provinces (robust SEs; first-stage F 13.14)",Table 4 column 3 (primary instrument); quadratic-refinement 0.029 (0.125) F 33.0 and OECD-instrument -0.029 (0.175) beside; OLS +0.156 (0.049)*** collapses under IV -> the raw correlation is selection; robbery-only causal effect ~1:1 in percentage terms (fn14: 53% log-change SD -> +202 robberies on 413 base = +49%) but robberies are 1.8%/1.5% of property/total crime,already_parameterized,fulltext_table,"LANDED v1.48 as immigrant_influx->receiving_total_crime_rate. The band INCLUDES zero by design - this row is the aggregate null, not a positive. Margin is regular residence-permit immigrants (work access); the work-banned branch is bfm2013_asylum_workban_property and is NEVER merged with this row"
bfm2013_asylum_workban_property,bellfasanimachin2013_restat,asylum_seeker_share_change_work_banned,local_property_crime_rate_change,"first-difference panel OLS/IV level response, dispersal-accommodation IV",1.141,0.330,property_crimes_per_100_adults_per_pp_asylum_share_change,"annual, 2002-2009",England & Wales local authorities (N=2591; asylum seekers legally barred from employment),"Published REStat Table 2 columns 4-6 (OLS: 1.141*** 0.330 / 1.221*** 0.302 controls / 0.930*** 0.325 PFA dummies); IV Table 4: 1.776*** (0.454) year dummies, 1.089** (0.459) PFA dummies, dispersal first-stage F 1522; violent crime NULL for the same wave (0.027/0.029/-0.090 n.s.); p(Asylum=A8)=0.001 on property; the 2010 IZA DP draft reported 0.373* on the shorter 2002-2008 sample - published numbers pinned",composable_after_baseline_and_time_alignment,fulltext_table,"THE WORK-BANNED BRANCH: where migrants are legally barred from working, property crime rises roughly one-for-one with the inflow share (Becker outside-option mechanism, the authors' own reading). Composable only after translating the level response onto a local baseline property-crime rate. SCOPE RULE: never merge with the work-access branch (bfm2013_a8_workaccess_property) - the two coefficients differ at p=0.001 and the engine's immigrant_influx rows apply to work-access migrations only"
bfm2013_a8_workaccess_property,bellfasanimachin2013_restat,a8_migrant_share_change_work_access,local_property_crime_rate_change,"first-difference panel OLS/IV level response, supply-push IV",-0.061,0.025,property_crimes_per_100_adults_per_pp_a8_share_change,"annual, 2004-2009",England & Wales local authorities (N=1849-1850; A8 nationals had unrestricted UK labor-market access from 2004),"Published REStat Table 2 column 6 (PFA dummies): -0.061** (0.025); no-controls -0.034 (0.025) n.s. and controls -0.043 (0.025) n.s.; IV Table 4 columns 5-6: -0.215** (0.102) / -0.386*** (0.081), supply-push first-stage F 12.8; violent crime NULL (prose: no significant relationship either wave); WP Table 4 all-crime -0.064* (-0.085*) beside from the draft",composable_after_baseline_and_time_alignment,fulltext_table,"THE WORK-ACCESS BRANCH corroborated on property crime: free-labor-access inflows are null-or-NEGATIVE on property crime (IV makes it more negative, mirroring the Light-Miller pattern). Consistent with the immigrant_influx rows' scope: the engine's receiving-community rows model work-access migrations (the replacement-scenario margin), never the banned-from-work branch"
lightheobey2020_texas_arrest_rates,lightheobey2020_pnas,legal_status_undocumented_vs_us_born,felony_arrest_rates_violent_drug_property,"descriptive arrest-rate ratio (administrative, NOT causal)",2.0,,native_to_undocumented_arrest_rate_ratio,2012-2018,"Texas, all arrests checked against immigration status (DPS, N~ millions)","US-born citizens are over 2x more likely to be arrested for violent crimes, 2.5x for drug crimes, and over 4x for property crimes vs undocumented immigrants; legal immigrants lowest; robust to alternative undocumented-population estimates, misdemeanor/conviction measures",context_only_not_a_causal_edge,fulltext_results,"Rate-level context for the gate verdict, deliberately NOT a parameter: a who-commits comparison says nothing about what an inflow does to a community's crime rate (composition vs treatment). Recorded because it is the most-cited administrative datapoint in the public debate and its direction matches every causal row in the panel"
