profile_id,sex,age,years,cause,geography,annual_rate,population_scope,citation,status,notes
male_45_54_2015_2019,Male,45-54 years,2015-2019,All causes,US,0.004944,US prime-age men (45-54),"CDC WONDER D76, male 45-54, 2015-2019; same source as baselines.csv:all_cause_mortality_annual",verified,"Compatibility default for the Sullivan-von Wachter cohort; rate is event/person-year. Independently re-verified 2026-09-13 from validation/cdc_wonder_d76_national_year_age_sex_1999_2020.xml (514314/104024440)."
female_45_54_2015_2019,Female,45-54 years,2015-2019,All causes,US,0.003080,US prime-age women (45-54),"CDC WONDER D76, female 45-54, pooled 2015-2019: 329068 deaths / 106831953 person-years = 308.0 per 100k; validation/cdc_wonder_d76_national_year_age_sex_1999_2020.xml",verified,"Baseline rate only; the shipped SvW response is not admitted for this stratum."
male_25_34_2015_2019,Male,25-34 years,2015-2019,All causes,US,0.001751,US men (25-34),"CDC WONDER D76, male 25-34, pooled 2015-2019: 200402 deaths / 114460126 person-years = 175.1 per 100k; validation/cdc_wonder_d76_national_year_age_sex_1999_2020.xml",verified,"Baseline rate only; the shipped SvW response is not admitted for this stratum."
female_25_34_2015_2019,Female,25-34 years,2015-2019,All causes,US,0.000781,US women (25-34),"CDC WONDER D76, female 25-34, pooled 2015-2019: 86968 deaths / 111335086 person-years = 78.1 per 100k; validation/cdc_wonder_d76_national_year_age_sex_1999_2020.xml",verified,"Baseline rate only; the shipped SvW response is not admitted for this stratum."
male_35_44_2015_2019,Male,35-44 years,2015-2019,All causes,US,0.002453,US men (35-44),"CDC WONDER D76, male 35-44, pooled 2015-2019: 250489 deaths / 102105120 person-years = 245.3 per 100k; validation/cdc_wonder_d76_national_year_age_sex_1999_2020.xml",verified,"Baseline rate only; the shipped SvW response is not admitted for this stratum."
female_35_44_2015_2019,Female,35-44 years,2015-2019,All causes,US,0.001397,US women (35-44),"CDC WONDER D76, female 35-44, pooled 2015-2019: 143553 deaths / 102767221 person-years = 139.7 per 100k; validation/cdc_wonder_d76_national_year_age_sex_1999_2020.xml",verified,"Baseline rate only; the shipped SvW response is not admitted for this stratum."
male_55_64_2015_2019,Male,55-64 years,2015-2019,All causes,US,0.011119,US men (55-64),"CDC WONDER D76, male 55-64, pooled 2015-2019: 1121543 deaths / 100869670 person-years = 1111.9 per 100k; validation/cdc_wonder_d76_national_year_age_sex_1999_2020.xml",verified,"Baseline rate only; the shipped SvW response is not admitted for this stratum."
female_55_64_2015_2019,Female,55-64 years,2015-2019,All causes,US,0.006696,US women (55-64),"CDC WONDER D76, female 55-64, pooled 2015-2019: 724466 deaths / 108188124 person-years = 669.6 per 100k; validation/cdc_wonder_d76_national_year_age_sex_1999_2020.xml",verified,"Baseline rate only; the shipped SvW response is not admitted for this stratum."
all_ages_1999_2020_context,All,All ages,1999-2020,All causes,US counties,,US county residents all ages,"validation/cdc_wonder_county_all_ages_1999_2020.provenance.json",context_only,"Raw context export; selection metadata cannot be independently reconstructed, so it is never a scenario baseline."
