node,unit,description
displacement_event,persons,"count of displaced workers entering the model"
worker_earnings,gap_multiplier,"displaced worker long-run earnings vs counterfactual (1.0 = unharmed)"
mortality_rate,rate_ratio,"all-cause mortality rate ratio vs counterfactual"
divorce_hazard,rate_ratio,"relative divorce hazard vs counterfactual"
wage_ratio,gap_multiplier,"female/male potential-wage ratio vs counterfactual (1.0 = unchanged; falls when female wages fall, rises when male wages fall)"
household_ipv_elasticity,log_elasticity,"elasticity of ln(household IPV incidence) w.r.t. the wage ratio (aizer2010)"
household_ipv,rate_ratio,"relative intimate-partner-violence incidence vs counterfactual (no upstream producer yet - aizer2010 extraction queued)"
family_size,count,"children per household"
child_earnings,gap_multiplier,"affected child adult earnings vs peers (1.0 = unharmed)"
grandchild_earnings,gap_multiplier,"line-2 adult earnings vs peers"
greatgrandchild_earnings,gap_multiplier,"line-3 adult earnings vs peers (weakest-identified layer)"
infant_birth_weight,gap_multiplier,"birth weight of children born after a parental displacement vs before (level; 1.0 = unharmed)"
daughter_violence_odds,odds_ratio,"adult partner-violence odds for exposed daughters vs unexposed"
local_service_jobs,level_ratio,"local non-traded service jobs per displaced tradable job (a level, NEVER a multiplier)"
school_spending,gap_multiplier,"per-pupil spending multiplier vs baseline"
youth_wages,gap_multiplier,"local youth-relevant wage level vs baseline"
youth_crime_rate,percent_delta,"percent change in youth crime participation (applied via elasticity)"
import_shock_per_worker,usd,"decadal change in Chinese import exposure per worker, in $1,000s (ADH 2013 exposure measure)"
local_wage_response,percent_delta,"percent change in local nonmanufacturing (non-displaced) wages per $1k/worker import exposure; boundary-applied vs a baseline wage"
family_income_shock,usd,"family income change in $1,000s of year-2000 dollars (positive = gain)"
child_achievement_sd,sd_delta,"child math-reading achievement change in standard deviations (normalized PIAT combined score)"
life_expectancy_years,life_years,"life-expectancy change in years at age 40 per $1k household earnings (near-median local slope)"
college_enrollment,rate_ratio,"children annual college-enrollment rate vs counterfactual (hilger2016 Table 3 base: 40.66% at ages 18-22)"
parental_income_shortrun,gap_multiplier,"parental ANNUAL income in the layoff event window vs counterfactual (short-run; NOT the long-run worker_earnings gap)"
unemployment_rate,percent_delta,"change in the state/local unemployment rate, in percentage points"
property_crime_response,percent_delta,"percent change in the property-crime rate per 1pp unemployment change (boundary-applied)"
eitc_exposure,usd,"maximum potential EITC (federal+state, 2013 dollars) a household could receive, per $1,000, summed over a child age window"
adult_earnings_early,usd,"child annual earnings ages 22-27 (2013 dollars) vs counterfactual, as a per-$1k-exposure response"
male_earnings_pc,gap_multiplier,"local male earnings per capita vs counterfactual (1.0 = unchanged)"
fertility_rate,log_elasticity,"elasticity of ln(birth rate) w.r.t. ln male earnings per capita"
gop_win_probability,percent_delta,"change in probability of electing a Republican to Congress, in percentage points, per $1k/worker import exposure"
male_mass_layoff_rate,percent_delta,"change in the county male mass-layoff rate, in percentage points"
child_maltreatment_response,percent_delta,"percent change in child-maltreatment reports per 1pp male mass-layoff-rate change (boundary-applied)"
